{
  "USDC": {
    "sushiswap": 0.0006110742975087944,
    "uniswap": 0.0006116249681896116
  },
  "CRV": {
    "sushiswap": 0.0008142822795495001
  },
  "DYDX": {
    "sushiswap": 0.0013764661581462023
  },
  "MATIC": {
    "uniswap": 0.0005390156466474889
  },
  "LDO": {
    "sushiswap": 0.0014091753662333238
  },
  "YFI": {
    "sushiswap": 6.815725367439414
  },
  "CVX": {
    "sushiswap": 0.0041739229180173774
  },
  "SNX": {
    "uniswap": 0.002339491790881378
  },
  "TOKE": {
    "sushiswap": 0.0010416274324056287
  },
  "ILV": {
    "sushiswap": 0.06964053581130401
  }
}