{
  "DAI": {
    "uniswap": 0.0006111933151658691,
    "sushiswap": 0.0006110291216954649
  },
  "USDC": {
    "sushiswap": 0.0006102883520063584,
    "uniswap": 0.0006105450582305976
  },
  "SUSHI": {
    "uniswap": 0.0008682357571302255,
    "sushiswap": 0.000874586449881058
  },
  "MATIC": {
    "uniswap": 0.0005496958705120189,
    "sushiswap": 0.0005546984319223195
  },
  "YFI": {
    "sushiswap": 7.118283764939128
  },
  "LDO": {
    "sushiswap": 0.001275780268714768,
    "uniswap": 0.0012809398109341116
  },
  "ILV": {
    "sushiswap": 0.07011692383917963
  },
  "GALA": {
    "sushiswap": 0.00003964397802748299,
    "uniswap": 0.000039644342740412666
  },
  "LINK": {
    "sushiswap": 0.004617020929900607
  },
  "CRV": {
    "sushiswap": 0.0007972623042786455,
    "uniswap": 0.0007949372834833977
  }
}