{
  "USDC": {
    "uniswap": 0.0006075665920507654,
    "sushiswap": 0.0006077670424156852
  },
  "DAI": {
    "uniswap": 0.0006069904210035995
  },
  "YFI": {
    "sushiswap": 6.8685869531585535
  },
  "LDO": {
    "sushiswap": 0.0014508215302575782
  },
  "MATIC": {
    "uniswap": 0.0005370457870678784
  }
}