{
  "USDC": {
    "sushiswap": 608966971824508900000,
    "uniswap": 608504577936462700000
  },
  "YGG": {
    "sushiswap": 0.00048447462655522457
  },
  "LDO": {
    "sushiswap": 0.001633478912551994,
    "uniswap": 0.0016039868396141366
  },
  "DAI": {
    "uniswap": 0.0006064775915032121,
    "sushiswap": 0.0006082659802600926
  },
  "MATIC": {
    "sushiswap": 0.0005541467492267599,
    "uniswap": 0.000552993905144347
  },
  "SNX": {
    "sushiswap": 0.0023307094462479386,
    "uniswap": 0.0023420794933913585
  },
  "SUSHI": {
    "sushiswap": 0.0009034610118732355
  },
  "CRV": {
    "sushiswap": 0.0008375972692300883
  },
  "YFI": {
    "sushiswap": 6.627771747476232
  },
  "GALA": {
    "uniswap": 3721861131577308,
    "sushiswap": 3727700337083166
  },
  "CVX": {
    "sushiswap": 0.004217871274320473
  },
  "DYDX": {
    "sushiswap": 0.0014158406898434177
  },
  "TOKE": {
    "sushiswap": 0.0010329959071891587
  },
  "SPELL": {
    "sushiswap": 6.700275855029926e-7
  },
  "WBTC": {
    "sushiswap": 1.4193559346224085e+21
  }
}