{
  "USDC": {
    "uniswap": 0.0005979292057774043
  },
  "LINK": {
    "uniswap": 0.004548638322813211
  },
  "DAI": {
    "uniswap": 0.0005995256464293577
  },
  "CVX": {
    "sushiswap": 0.004218221433549854
  },
  "MATIC": {
    "uniswap": 0.0005513589650874482
  }
}